PROCESS,LINE,MODEL_NO
AOI,CNCT1100,C123HAN10
AOI,CNCT1C00,B140QAN03
AOI,CNCT1200,C103HAN04
AOI,CNCT1C00,B140QAX01
AOI,CNCT1500,C120UAA01
AOI,CNCT1700,H606TAX01
AOI,CNCT1600,B140UAN02
AOI,CNCT1800,B160QAN02
AOI,CNCT1400,C146HAX01
AOI,CNCT1900,C103HAN04
AOI,CNCT1800,C116HAX02
AOI,CNCT1200,C156HAA01
AOI,CNCT1400,B140UAN01
AOI,CNCT1A00,B160QAN02
AOI,CNCT1200,B160QAN02
AOI,CNCT1100,C120UAA01
AOI,CNCT1F00,C170UAX01
AOI,CNCT1400,C109HAX02
AOI,CNCT1D00,C103HAN04
AOI,CNCT1200,B133UAN02
AOI,CNCT1400,H606TAX01
AOI,CNCT1200,C120UAA01
AOI,CNCT1B00,C130UAU01
AOI,CNCT1B00,C146HAX02
AOI,CNCT1300,C132IAA02
AOI,CNCT1500,B140UAN02
AOI,CNCT1F00,C132IAA02
AOI,CNCT1300,C146HAA02
AOI,CNCT1500,C146HAA02
AOI,CNCT1400,C103HAN04
AOI,CNCT1A00,C130HAA01
AOI,CNCT1C00,C271RAA01
AOI,CNCT1800,B133UAN02
AOI,CNCT1200,B140HAN09
AOI,CNCT1A00,C132IAA01
AOI,CNCT1900,C163RAA01
AOI,CNCT1C00,B160QAN04
AOI,CNCT1C00,C215ZAA01
AOI,CNCT1500,B133UAN02
AOI,CNCT1300,C156HAX02
AOI,CNCT1E00,C103HAN04
AOI,CNCT1B00,C130HAA01
AOI,CNCT1100,B140UAX01
AOI,CNCT1F00,C215RAX01
AOI,CNCT1900,B160UAN10
AOI,CNCT1200,B140UAN01
AOI,CNCT1700,C109HAX02
AOI,CNCT1E00,B160QAN03
AOI,CNCT1D00,C116HAX03
AOI,CNCT1800,B140QAX01
AOI,CNCT1A00,B180QAN02
AOI,CNCT1900,C146HAX02
AOI,CNCT1900,B133UAN02
AOI,CNCT1C00,B153UAX01
AOI,CNCT1A00,C150DAA01
AOI,CNCT1B00,C129HAX02
AOI,CNCT1200,B140QAN10
AOI,CNCT1C00,C163RAA01
AOI,CNCT1200,C156HAX02
AOI,CNCT1100,B140UAA01
AOI,CNCT1100,C129HAX01
AOI,CNCT1F00,B160UAX01
AOI,CNCT1A00,C123HAN10
AOI,CNCT1400,C120UAA01
AOI,CNCT1B00,B160UAN01
AOI,CNCT1F00,C169RAA02
AOI,CNCT1400,C129HAX03
AOI,CNCT1900,B140HAN06
AOI,CNCT1A00,B160UAN06
AOI,CNCT1F00,C123HAX04
AOI,CNCT1300,C123HAN10
AOI,CNCT1A00,C162IAX01
AOI,CNCT1900,H642GAX01
AOI,CNCT1100,C123HAT03
AOI,CNCT1800,H606TAX01
AOI,CNCT1C00,C146HAX01
AOI,CNCT1200,B133HAN05
AOI,CNCT1A00,C146HAX01
AOI,CNCT1800,B160QAN03
AOI,CNCT1900,C101HAX01
AOI,CNCT1600,C080HAA01
AOI,CNCT1300,C146HAX02
AOI,CNCT1100,C156HAX02
AOI,CNCT1700,C156HAA01
AOI,CNCT1800,B140UAN02
AOI,CNCT1200,C170UAX01
AOI,CNCT1600,C146HAA01
AOI,CNCT1100,C132IAA02
AOI,CNCT1500,B156HAN09
AOI,CNCT1A00,C129HAX03
AOI,CNCT1800,B140QAN04
AOI,CNCT1C00,C130HAA01
AOI,CNCT1400,C156HAX02
AOI,CNCT1A00,C112DAA01
AOI,CNCT1B00,B180QAN02
AOI,CNCT1100,C129HAX02
AOI,CNCT1900,C146HAA03
AOI,CNCT1B00,B173ZAN06
AOI,CNCT1400,C080HAA01
AOI,CNCT1B00,B133QAA01
AOI,CNCT1800,C170UAX01
AOI,CNCT1D00,C132IAA01
AOI,CNCT1B00,C160WAA01
AOI,CNCT1900,C129HAX01
AOI,CNCT1700,C123HAX04
AOI,CNCT1F00,C304RAT01
AOI,CNCT1C00,C145QAA01
AOI,CNCT1700,B140UAN01
AOI,CNCT1300,B140UAN02
AOI,CNCT1C00,B160QAN02
AOI,CNCT1500,C123HAX04
AOI,CNCT1C00,C215RAX01
AOI,CNCT1C00,C123HAX04
AOI,CNCT1A00,C123HAX04
AOI,CNCT1C00,B160QAN03
AOI,CNCT1F00,B173HAN05
AOI,CNCT1C00,C156HAA01
AOI,CNCT1300,B156ZAN03
AOI,CNCT1B00,B160UAN06
AOI,CNCT1300,B160QAN04
AOI,CNCT1E00,C123HAX04
AOI,CNCT1C00,C123HAN10
AOI,CNCT1B00,B160ZAN01
AOI,CNCT1400,C116HAX03
AOI,CNCT1300,C146HAX01
AOI,CNCT1200,B140QAN04
AOI,CNCT1300,C146HAA01
AOI,CNCT1500,C123HAT03
AOI,CNCT1400,B140UAN02
AOI,CNCT1300,C160WAA01
AOI,CNCT1F00,C179QAA02
AOI,CNCT1B00,C146HAA02
AOI,CNCT1400,C146HAA02
AOI,CNCT1E00,C103HAX01
AOI,CNCT1D00,C120UAA01
AOI,CNCT1C00,B156ZAN03
AOI,CNCT1400,C103HAX01
AOI,CNCT1800,B160UAN06
AOI,CNCT1800,C132IAA01
AOI,CNCT1E00,C123HAT03
AOI,CNCT1200,B160UAN06
AOI,CNCT1800,C120HAT01
AOI,CNCT1D00,B160UAN10
AOI,CNCT1700,C129HAX03
AOI,CNCT1700,C146HAX02
AOI,CNCT1600,B140UAN05
AOI,CNCT1800,B156ZAN03
AOI,CNCT1F00,C156HAA01
AOI,CNCT1C00,C270RAX01
AOI,CNCT1200,C123HAX04
AOI,CNCT1B00,C271RAA01
AOI,CNCT1A00,B133QAA01
AOI,CNCT1200,C164UAA01
AOI,CNCT1800,B153UAX01
AOI,CNCT1900,B140QAN03
AOI,CNCT1200,C162IAA02
AOI,CNCT1200,C146HAA03
AOI,CNCT1300,C123HAT03
AOI,CNCT1200,B160QAN03
AOI,CNCT1600,C103HAX01
AOI,CNCT1800,C146HAX01
AOI,CNCT1900,B156HAN12
AOI,CNCT1500,C123HAN10
AOI,CNCT1900,C120UAA01
AOI,CNCT1C00,B180QAN01
AOI,CNCT1200,B140QAN08
AOI,CNCT1B00,B156HAN09
AOI,CNCT1B00,B180ZAN01
AOI,CNCT1400,C123HAN10
AOI,CNCT1300,B160ZAN01
AOI,CNCT1500,C132IAA01
AOI,CNCT1700,B133UAN02
AOI,CNCT1D00,C103HAX01
AOI,CNCT1700,C132IAA01
AOI,CNCT1C00,C146HAA01
AOI,CNCT1500,C103HAX01
AOI,CNCT1900,C123HAN10
AOI,CNCT1C00,B133HAN05
AOI,CNCT1400,C116HAX02
AOI,CNCT1500,C116HAX03
AOI,CNCT1100,B140UAN01
AOI,CNCT1A00,B140QAN08
AOI,CNCT1300,C156HAA01
AOI,CNCT1B00,B180QAN01
AOI,CNCT1C00,C262RAX01
AOI,CNCT1800,B156HAN12
AOI,CNCT1300,C170UAX01
AOI,CNCT1100,C156HAA01
AOI,CNCT1C00,B180ZAN01
AOI,CNCT1200,C101HAX01
AOI,CNCT1100,C146HAX01
AOI,CNCT1600,C101HAX01
AOI,CNCT1D00,C123HAX04
AOI,CNCT1700,C146HAA01
AOI,CNCT1600,C132IAA01
AOI,CNCT1900,C160WAA01
AOI,CNCT1300,B160QAN05
AOI,CNCT1200,B133QAA01
AOI,CNCT1C00,C130UAU01
AOI,CNCT1200,C129HAX01
AOI,CNCT1500,C080HAA01
AOI,CNCT1C00,B133QAA01
AOI,CNCT1800,C160WAA01
AOI,CNCT1800,C080HAA01
AOI,CNCT1800,C156UAX01
AOI,CNCT1100,C146HAA01
AOI,CNCT1900,C123HAX04
AOI,CNCT1900,B160UAN06
AOI,CNCT1C00,B180QAN02
AOI,CNCT1A00,C170UAX01
AOI,CNCT1E00,C170UAX01
AOI,CNCT1800,C146HAA03
AOI,CNCT1700,C129HAX02
AOI,CNCT1400,C146HAA03
AOI,CNCT1800,B140UAX01
AOI,CNCT1B00,C163RAA01
AOI,CNCT1B00,C156HAA01
AOI,CNCT1400,C129HAX02
AOI,CNCT1200,C160WAA01
AOI,CNCT1D00,C132IAA02
AOI,CNCT1800,B140UAA01
AOI,CNCT1A00,B133UAX01
AOI,CNCT1A00,C162IAA02
AOI,CNCT1A00,C215ZAA02
AOI,CNCT1B00,B160QAN03
AOI,CNCT1800,C123HAT03
AOI,CNCT1800,C123HAN10
AOI,CNCT1500,B156HAN12
AOI,CNCT1200,C103HAX01
AOI,CNCT1700,C123HAT03
AOI,CNCT1300,C116HAX03
AOI,CNCT1100,B140UAN02
AOI,CNCT1A00,C123HAT03
AOI,CNCT1B00,B160QAN02
AOI,CNCT1600,C116HAX03
AOI,CNCT1300,C103HAX01
AOI,CNCT1700,C120UAA01
AOI,CNCT1600,C116HAX02
AOI,CNCT1C00,B140QAN02
AOI,CNCT1300,B160UAN06
AOI,CNCT1900,B160QAN02
AOI,CNCT1300,C109HAX02
AOI,CNCT1F00,B160UAN01
AOI,CNCT1E00,C123HAN10
AOI,CNCT1B00,C215RAX01
AOI,CNCT1300,B140QAN03
AOI,CNCT1500,C146HAA01
AOI,CNCT1900,B160ZAN01
AOI,CNCT1B00,C262RAX01
AOI,CNCT1C00,B160ZAN01
AOI,CNCT1700,B156HAN09
AOI,CNCT1E00,C120UAA01
AOI,CNCT1400,C146HAA01
AOI,CNCT1600,B140HAN06
AOI,CNCT1300,B160QAN02
AOI,CNCT1200,C146HAX02
AOI,CNCT1800,C116HAX03
AOI,CNCT1500,B140UAN01
AOI,CNCT1800,B140ZAN02
AOI,CNCT1800,C129HAX01
AOI,CNCT1900,C116HAX02
AOI,CNCT1800,B140QAN03
AOI,CNCT1900,B133QAA01
AOI,CNCT1300,C132IAA01
AOI,CNCT1A00,B156ZAN03
AOI,CNCT1A00,C271RAA01
AOI,CNCT1B00,C150DAA01
AOI,CNCT1300,B140QAX01
AOI,CNCT1400,B140UAN05
AOI,CNCT1C00,B140UAN02
AOI,CNCT1B00,B140UAX01
AOI,CNCT1B00,B160UAN10
AOI,CNCT1B00,C215ZAA01
AOI,CNCT1C00,B160UAN10
AOI,CNCT1E00,C179QAA02
AOI,CNCT1B00,C206RAA01
AOI,CNCT1C00,B133UAN06
AOI,CNCT1C00,C150DAA01
AOI,CNCT1100,B133UAN06
AOI,CNCT1400,C123HAX04
AOI,CNCT1C00,B160UAN01
AOI,CNCT1300,B160UAN01
AOI,CNCT1300,B133UAN02
AOI,CNCT1100,C101HAX01
AOI,CNCT1B00,C132IAA01
AOI,CNCT1800,C123HAX04
AOI,CNCT1300,C162IAX01
AOI,CNCT1B00,C146HAA01
AOI,CNCT1300,B173ZAN06
AOI,CNCT1F00,C145QAA01
AOI,CNCT1700,C103HAN04
AOI,CNCT1200,C116HAX02
AOI,CNCT1600,C156HAX02
AOI,CNCT1F00,C179QAA01
AOI,CNCT1300,C116HAX02
AOI,CNCT1A00,B133UAN02
AOI,CNCT1800,H642GAX01
AOI,CNCT1B00,C162IAX01
AOI,CNCT1700,C123HAN10
AOI,CNCT1B00,B140UAN01
AOI,CNCT1200,B140HAN06
AOI,CNCT1100,C116HAX02
AOI,CNCT1100,B140HAN06
AOI,CNCT1C00,B140QAN04
AOI,CNCT1500,C146HAX01
AOI,CNCT1A00,B180ZAN01
AOI,CNCT1300,B133QAA01
AOI,CNCT1200,C120HAT01
AOI,CNCT1400,C146HAX02
AOI,CNCT1400,G062HAT01
AOI,CNCT1200,B140UAN02
AOI,CNCT1E00,C134HAA01
AOI,CNCT1300,B160QAN03
AOI,CNCT1700,C101HAX01
AOI,CNCT1700,B140HAN09
AOI,CNCT1900,B160UAN01
AOI,CNCT1A00,B140QAX01
AOI,CNCT1900,C146HAX01
AOI,CNCT1900,C156UAX01
AOI,CNCT1A00,C215RAX01
AOI,CNCT1700,C146HAA02
AOI,CNCT1D00,C123HAT03
AOI,CNCT1200,C156UAX01
AOI,CNCT1800,C146HAX02
AOI,CNCT1500,C156HAA01
AOI,CNCT1800,C146HAA02
AOI,CNCT1700,C156HAX02
AOI,CNCT1500,C146HAA03
AOI,CNCT1900,C156HAX02
AOI,CNCT1600,C129HAX01
AOI,CNCT1C00,C146UAA01
AOI,CNCT1200,B160QAN05
AOI,CNCT1800,B160UAA01
AOI,CNCT1B00,C270RAX01
AOI,CNCT1800,B160QAN05
AOI,CNCT1100,C116HAX03
AOI,CNCT1600,C123HAX04
AOI,CNCT1800,C109HAX02
AOI,CNCT1400,C123HAT03
AOI,CNCT1700,B133QAA01
AOI,CNCT1F00,B160QAN02
AOI,CNCT1B00,C145QAA01
AOI,CNCT1600,C123HAN10
AOI,CNCT1400,C101HAX01
AOI,CNCT1900,B160QAN03
AOI,CNCT1C00,C162IAX01
AOI,CNCT1700,C103HAX01
AOI,CNCT1300,C120UAA01
AOI,CNCT1900,B133HAN05
AOI,CNCT1600,B133UAN02
AOI,CNCT1300,B156HAN12
AOI,CNCT1A00,C206RAA01
AOI,CNCT1B00,B140UAN02
AOI,CNCT1600,C103HAN04
AOI,CNCT1300,C123HAX04
AOI,CNCT1B00,B160QAN04
AOI,CNCT1A00,B160QAN04
AOI,CNCT1200,C146HAX01
AOI,CNCT1500,C116HAX02
AOI,CNCT1400,C156HAA01
AOI,CNCT1F00,C132IAA01
AOI,CNCT1A00,C146HAA01
AOI,CNCT1900,C120HAT01
AOI,CNCT1B00,B140QAX01
AOI,CNCT1400,C129HAX01
AOI,CNCT1A00,C145QAA01
AOI,CNCT1900,C156HAA01
AOI,CNCT1700,C116HAX02
AOI,CNCT1200,B140QAN03
AOI,CNCT1700,C129HAX01
AOI,CNCT1C00,C170UAX01
AOI,CNCT1C00,C206RAA01
AOI,CNCT1200,B160QAN04
AOI,CNCT1200,C109HAX02
AOI,CNCT1E00,C130HAA01
AOI,CNCT1900,C132IAA01
AOI,CNCT1A00,C262RAX01
AOI,CNCT1400,C132IAA01
AOI,CNCT1700,B140ZAN02
AOI,CNCT1500,C156HAX02
AOI,CNCT1900,C146HAA02
AOI,CNCT1100,B153UAX01
AOI,CNCT1700,B140UAN05
AOI,CNCT1B00,B160QAN05
AOI,CNCT1100,C146HAX02
AOI,CNCT1500,C129HAX01
AOI,CNCT1B00,C156HAX02
AOI,CNCT1B00,C170UAX01
AOI,CNCT1C00,C162IAA01
AOI,CNCT1C00,C188RAA01
AOI,CNCT1900,C103HAX01
AOI,CNCT1500,C101HAX01
AOI,CNCT1F00,C162IAX01
AOI,CNCT1A00,B170QAN01
AOI,CNCT1100,C103HAX01
AOI,CNCT1C00,C156HAX02
AOI,CNCT1600,C123HAT03
AOI,CNCT1A00,B160UAN01
AOI,CNCT1900,B160QAN04
AOI,CNCT1300,C120HAT01
AOI,CNCT1100,C103HAN04
AOI,CNCT1600,C156HAA01
AOI,CNCT1900,B156ZAN03
AOI,CNCT1900,C116HAX03
AOI,CNCT1300,C163RAA01
AOI,CNCT1F00,C169RAA01
AOI,CNCT1200,C162IAX01
AOI,CNCT1400,H642GAX01
AOI,CNCT1100,C132IAA01
AOI,CNCT1F00,M320MAN01
AOI,CNCT1200,C146HAA01
AOI,CNCT1100,C123HAX04
AOI,CNCT1400,B133UAN06
AOI,CNCT1B00,C123HAN10
AOI,CNCT1F00,C262RAX01
AOI,CNCT1B00,B133UAN02
AOI,CNCT1800,C146HAA01
AOI,CNCT1800,B156HAN09
AOI,CNCT1200,B160UAN01
AOI,CNCT1A00,B180QAN01
AOI,CNCT1600,C109HAX02
AOI,CNCT1600,C146HAX01
AOI,CNCT1F00,B160ZAN01
AOI,CNCT1800,B160UAN01
AOI,CNCT1700,C146HAX01
AOI,CNCT1E00,C116HAX03
AOI,CNCT1200,C146HAA02
AOI,CNCT1900,B140UAN05
AOI,CNCT1A00,B160QAN03
AOI,CNCT1900,B140UAN01
AOI,CNCT1A00,B140QAN03
AOI,CNCT1600,B133QAA01
AOI,CNCT1900,B140UAN02
AOI,CNCT1A00,B160ZAN01
AOI,CNCT1100,B140UAN05
AOI,CNCT1600,C120UAA01
AOI,CNCT1700,B140UAX01
AOI,CNCT1E00,C132IAA01
AOI,CNCT1E00,C150DAA01
AOI,CNCT1800,B140UAN01
AOI,CNCT1A00,C215ZAA01
AOI,CNCT1900,C129HAX02
AOI,CNCT1300,B140QAN08
AOI,CNCT1800,B160UAX01
AOI,CNCT1F00,B160UAA01
CUT,CNCCT904,C101HAX01
CUT,CNCCT902,B140QAN03
CUT,CNCCT700,C145QAA01
CUT,CNCCT907,B160ZAN01
CUT,CNCCT900,B160QAN02
CUT,CNCCT900,B160QAN03
CUT,CNCCT900,B140QAN04
CUT,CNCCT900,C101HAX01
CUT,CNCCT900,B133QAA01
CUT,CNCCT200,H606TAX01
CUT,CNCCT904,C132IAA01
CUT,CNCCT903,C103HAX01
CUT,CNCCT904,C120UAA01
CUT,CNCCT901,C146HAX01
CUT,CNCCT900,B140UAN05
CUT,CNCCT900,C130HAA01
CUT,CNCCT900,C215RAX01
CUT,CNCCT90A,C123HAX04
CUT,CNCCT600,C146HAA01
CUT,CNCCT906,B170QAN01
CUT,CNCCT902,C150DAA01
CUT,CNCCT500,C101HAX01
CUT,CNCCT400,B160QAN02
CUT,CNCCT900,B156HAN12
CUT,CNCCT801,C215RAX01
CUT,CNCCT907,B160QAN03
CUT,CNCCT900,B101UAN08
CUT,CNCCT907,B160QAN04
CUT,CNCCT900,C120HAT01
CUT,CNCCT909,H606TAX01
CUT,CNCCT900,B140HAN09
CUT,CNCCT900,B140QAN08
CUT,CNCCT903,B140QAN03
CUT,CNCCT900,C168DAT01
CUT,CNCCT906,B133HAN05
CUT,CNCCT902,B160QAN02
CUT,CNCCT908,H606TAX01
CUT,CNCCT909,B160UAN06
CUT,CNCCT906,B140UAN01
CUT,CNCCT801,B140HAN06
CUT,CNCCT900,C169RAA01
CUT,CNCCT90A,C120UAA01
CUT,CNCCT90A,B140UAN02
CUT,CNCCT909,B160QAN04
CUT,CNCCT700,C146HAA01
CUT,CNCCT100,B160QAN02
CUT,CNCCT906,B133UAN06
CUT,CNCCT801,C262RAX01
CUT,CNCCT902,B133HAN05
CUT,CNCCT700,C146HAX01
CUT,CNCCT905,B140QAN03
CUT,CNCCT905,B173ZAN06
CUT,CNCCT902,B140UAN02
CUT,CNCCT900,B120UAN01
CUT,CNCCT600,C146HAX01
CUT,CNCCT904,M320MAN01
CUT,CNCCT90A,C120HAT01
CUT,CNCCT909,B156ZAN03
CUT,CNCCT904,C156HAA01
CUT,CNCCT801,B133QAA01
CUT,CNCCT902,C120UAA01
CUT,CNCCT700,C179QAA02
CUT,CNCCT90A,C150DAA01
CUT,CNCCT500,C162IAX01
CUT,CNCCT906,B160QANAA
CUT,CNCCT901,H580GAX01
CUT,CNCCT801,C109HAX02
CUT,CNCCT903,G062HAT01
CUT,CNCCT906,Y140UAN02
CUT,CNCCT200,C123HAX04
CUT,CNCCT906,B180ZAN01
CUT,CNCCT904,C130HAA01
CUT,CNCCT904,B133QAA01
CUT,CNCCT902,B156ZAN03
CUT,CNCCT904,C160WAA01
CUT,CNCCT801,B180QAN01
CUT,CNCCT90A,B140QAN04
CUT,CNCCT905,B140ZAN02
CUT,CNCCT902,C215ZAA01
CUT,CNCCT903,C150DAA01
CUT,CNCCT901,C130HAA01
CUT,CNCCT200,C156HAX02
CUT,CNCCT910,C129HAX01
CUT,CNCCT909,C156UAX01
CUT,CNCCT904,B140ZAN02
CUT,CNCCT100,C129HAX02
CUT,CNCCT400,B160UAN06
CUT,CNCCT900,C112DAA01
CUT,CNCCT801,C150DAA01
CUT,CNCCT908,B156ZAN03
CUT,CNCCT200,C129HAX02
CUT,CNCCT902,C156HAA01
CUT,CNCCT300,C170UAX01
CUT,CNCCT901,C112DAA01
CUT,CNCCT904,C206RAA01
CUT,CNCCT300,B160QAN05
CUT,CNCCT908,C163RAA01
CUT,CNCCT100,B153UAX01
CUT,CNCCT700,C122UAA01
CUT,CNCCT905,B140UAA01
CUT,CNCCT900,C122UAA01
CUT,CNCCT500,C123HAX04
CUT,CNCCT200,C120UAA01
CUT,CNCCT901,B133UAX01
CUT,CNCCT903,C215ZAA02
CUT,CNCCT908,C123HAX04
CUT,CNCCT906,B140QAN03
CUT,CNCCT500,B160QAN03
CUT,CNCCT909,C162IAX01
CUT,CNCCT90A,C103HAN04
CUT,CNCCT901,B133UAN06
CUT,CNCCT910,C120UAA01
CUT,CNCCT909,B140UAN01
CUT,CNCCT902,C109HAX02
CUT,CNCCT900,C120UAA01
CUT,CNCCT900,B140UAN01
CUT,CNCCT905,B133QAA01
CUT,CNCCT904,C146HAA01
CUT,CNCCT900,B170QAN01
CUT,CNCCT90A,C123HAN10
CUT,CNCCT903,H581DAX01
CUT,CNCCT900,B140HAN06
CUT,CNCCT902,B173HAN05
CUT,CNCCT900,B133UAN06
CUT,CNCCT902,C129HAX01
CUT,CNCCT902,B133QAA01
CUT,CNCCT908,C116HAX03
CUT,CNCCT905,B140QAN08
CUT,CNCCT904,B140QAN03
CUT,CNCCT400,C116HAX03
CUT,CNCCT901,C215RAX01
CUT,CNCCT908,C145QAA01
CUT,CNCCT902,H500GAN01
CUT,CNCCT900,H400DAN02
CUT,CNCCT902,C160WAA01
CUT,CNCCT900,C146HAA01
CUT,CNCCT910,C145QAA01
CUT,CNCCT910,B156HAN09
CUT,CNCCT907,B173ZAN06
CUT,CNCCT902,C103HAX01
CUT,CNCCT801,C146HAA01
CUT,CNCCT300,B160QAN02
CUT,CNCCT900,M320MAN01
CUT,CNCCT908,B160UAN01
CUT,CNCCT700,B140UAN02
CUT,CNCCT908,B160QAN03
CUT,CNCCT903,B140QAN04
CUT,CNCCT90A,C123HAT03
CUT,CNCCT901,C145QAA01
CUT,CNCCT801,C130HAA01
CUT,CNCCT909,C120HAT01
CUT,CNCCT904,C146HAX01
CUT,CNCCT903,C130UAU01
CUT,CNCCT901,C146HAX02
CUT,CNCCT900,C146HAX02
CUT,CNCCT900,C134HAA01
CUT,CNCCT400,B160ZAN01
CUT,CNCCT100,C116HAX02
CUT,CNCCT90A,C162IAX01
CUT,CNCCT902,C146HAA02
CUT,CNCCT400,B160QAN04
CUT,CNCCT90A,C109HAX02
CUT,CNCCT901,B156ZAN03
CUT,CNCCT908,B160UAN06
CUT,CNCCT200,C130UAU01
CUT,CNCCT90A,B180QAN02
CUT,CNCCT904,B160QAN02
CUT,CNCCT904,C080HAA01
CUT,CNCCT905,B156ZAN03
CUT,CNCCT903,C120UAA01
CUT,CNCCT300,B160UAN06
CUT,CNCCT100,C156HAA01
CUT,CNCCT900,Y140UAN02
CUT,CNCCT901,Y140UAN03
CUT,CNCCT700,B160UAN10
CUT,CNCCT910,C270RAX01
CUT,CNCCT900,C099HAN01
CUT,CNCCT901,B140HAN06
CUT,CNCCT902,B180QAN02
CUT,CNCCT908,C170UAX01
CUT,CNCCT90A,B156ZAN03
CUT,CNCCT801,C146UAA01
CUT,CNCCT801,C164UAA01
CUT,CNCCT900,B140UAA01
CUT,CNCCT801,C160WAA01
CUT,CNCCT905,B133UAN06
CUT,CNCCT900,B140QAN10
CUT,CNCCT900,C188RAA01
CUT,CNCCT801,C162IAA02
CUT,CNCCT901,C215ZAA01
CUT,CNCCT900,A030VAT01
CUT,CNCCT910,C123HAT03
CUT,CNCCT900,C162IAX01
CUT,CNCCT801,C123HAX04
CUT,CNCCT90A,C103HAX01
CUT,CNCCT909,C123HAN10
CUT,CNCCT907,B160UAN06
CUT,CNCCT908,C123HAT03
CUT,CNCCT905,B133UAN02
CUT,CNCCT900,B133UAN02
CUT,CNCCT900,B160ZAN01
CUT,CNCCT902,C123HAX04
CUT,CNCCT900,C150DAA01
CUT,CNCCT902,C146HAX01
CUT,CNCCT900,C304RAT01
CUT,CNCCT905,B140UAN02
CUT,CNCCT904,C103HAN04
CUT,CNCCT900,B160UAN10
CUT,CNCCT90A,C160WAA01
CUT,CNCCT906,B160QAN04
CUT,CNCCT904,C123HAX04
CUT,CNCCT901,C123HAN10
CUT,CNCCT90A,C101HAX01
CUT,CNCCT901,C120UAA01
CUT,CNCCT100,B156ZAN03
CUT,CNCCT900,C116HAX02
CUT,CNCCT903,C145QAA01
CUT,CNCCT902,C145QAA01
CUT,CNCCT900,C179QAA01
CUT,CNCCT910,C116HAX03
CUT,CNCCT902,H642GAX01
CUT,CNCCT908,C116HAX02
CUT,CNCCT900,C169RAA02
CUT,CNCCT909,B140QAN03
CUT,CNCCT904,C129HAX01
CUT,CNCCT902,G055HAT02
CUT,CNCCT90A,H500DAN02
CUT,CNCCT906,B160QAN03
CUT,CNCCT907,B170QAN01
CUT,CNCCT904,B160QAN04
CUT,CNCCT900,H407EAN01
CUT,CNCCT902,B160UAN06
CUT,CNCCT900,C262RAX01
CUT,CNCCT801,C103HAX01
CUT,CNCCT902,B140QAN04
CUT,CNCCT903,C215RAX01
CUT,CNCCT905,B173HAN05
CUT,CNCCT902,C103HAN04
CUT,CNCCT903,B120UAN01
CUT,CNCCT909,B160ZAN01
CUT,CNCCT909,C160WAA01
CUT,CNCCT900,C179QAA02
CUT,CNCCT90A,C156HAA01
CUT,CNCCT904,B180QAN01
CUT,CNCCT909,C146HAA02
CUT,CNCCT903,B160QAN02
CUT,CNCCT902,C168DAT01
CUT,CNCCT903,B133HAN05
CUT,CNCCT904,C146HAA02
CUT,CNCCT903,M320MAN01
CUT,CNCCT200,C116HAX02
CUT,CNCCT901,B140UAN01
CUT,CNCCT200,B160UAN06
CUT,CNCCT901,C123HAT03
CUT,CNCCT200,B160UAN01
CUT,CNCCT903,C031VAN02
CUT,CNCCT902,C120HAT01
CUT,CNCCT900,C156UAX01
CUT,CNCCT903,C132IAA01
CUT,CNCCT200,B156ZAN03
CUT,CNCCT100,B160UAN06
CUT,CNCCT801,C271RAA01
CUT,CNCCT200,C129HAX03
CUT,CNCCT200,B156HAN09
CUT,CNCCT902,C110DAC01
CUT,CNCCT600,C146HAX02
CUT,CNCCT910,C156HAX02
CUT,CNCCT900,C146HAA03
CUT,CNCCT904,C146HAA03
CUT,CNCCT90A,C271RAA01
CUT,CNCCT908,B153UAX01
CUT,CNCCT906,B120UAN01
CUT,CNCCT900,Y160QAX02
CUT,CNCCT903,C103HAA02
CUT,CNCCT400,C156UAX01
CUT,CNCCT90A,B133UAN06
CUT,CNCCT902,B160UAA01
CUT,CNCCT903,B133QAA01
CUT,CNCCT300,C156UAX01
CUT,CNCCT902,B160QAN06
CUT,CNCCT900,B140QAN03
CUT,CNCCT400,B160QAN03
CUT,CNCCT100,B156HAN12
CUT,CNCCT900,C103HAN04
CUT,CNCCT905,B140UAN01
CUT,CNCCT900,B133QAN03
CUT,CNCCT900,B140UAN02
CUT,CNCCT801,C304RAT01
CUT,CNCCT900,C146HAX01
CUT,CNCCT801,B140UAN02
CUT,CNCCT801,C116HAX03
CUT,CNCCT907,B173HAN05
CUT,CNCCT902,B160QAN03
CUT,CNCCT900,B173HAN05
CUT,CNCCT90A,C130UAU01
CUT,CNCCT902,C163RAA01
CUT,CNCCT300,C103HAN04
CUT,CNCCT900,C304RAA01
CUT,CNCCT801,C050EAC01
CUT,CNCCT901,C116HAX02
CUT,CNCCT903,H580GAX01
CUT,CNCCT400,C215RAX01
CUT,CNCCT901,B173ZAN06
CUT,CNCCT90A,B156HAN12
CUT,CNCCT904,C150DAA01
CUT,CNCCT905,B160UAN06
CUT,CNCCT90A,B180QAN01
CUT,CNCCT902,B140QAN08
CUT,CNCCT901,B160ZAN01
CUT,CNCCT900,C110DAC01
CUT,CNCCT600,C179QAA01
CUT,CNCCT90A,C046EAN02
CUT,CNCCT902,C123HAN10
CUT,CNCCT600,C156HAX02
CUT,CNCCT904,B140QAX01
CUT,CNCCT908,B156HAN12
CUT,CNCCT903,B101UAN08
CUT,CNCCT903,B173HAN05
CUT,CNCCT900,B156ZAN03
CUT,CNCCT906,B160ZAN01
CUT,CNCCT900,H312DAN01
CUT,CNCCT801,C132IAA01
CUT,CNCCT905,B140QAX01
CUT,CNCCT801,C163RAA01
CUT,CNCCT901,B140UAN02
CUT,CNCCT903,B140UAN01
CUT,CNCCT904,C123HAN10
CUT,CNCCT904,B170QAN01
CUT,CNCCT905,B160ZAN01
CUT,CNCCT801,B140QAN04
CUT,CNCCT903,C101HAX01
CUT,CNCCT801,C120HAT01
CUT,CNCCT902,C170UAX01
CUT,CNCCT909,C146HAA01
CUT,CNCCT902,C146HAA01
CUT,CNCCT903,B160ZAN01
CUT,CNCCT903,B173ZAN06
CUT,CNCCT906,B140UAN05
CUT,CNCCT801,B160QAN03
CUT,CNCCT900,C031VAN02
CUT,CNCCT908,C132IAA02
CUT,CNCCT901,H642GAX01
CUT,CNCCT900,C132IAA02
CUT,CNCCT901,B140QAX01
CUT,CNCCT90A,C146HAA01
CUT,CNCCT903,B140HAN09
CUT,CNCCT905,B101UAN08
CUT,CNCCT90A,C163RAA01
CUT,CNCCT901,C110DAC01
CUT,CNCCT910,C160WAA01
CUT,CNCCT908,B160QAN05
CUT,CNCCT200,C129HAX01
CUT,CNCCT908,C156UAX01
CUT,CNCCT500,B160UAN06
CUT,CNCCT200,B160QAN03
CUT,CNCCT904,C215ZAA01
CUT,CNCCT904,B140UAN05
CUT,CNCCT909,C170UAX01
CUT,CNCCT900,B153UAX01
CUT,CNCCT903,C145DAA01
CUT,CNCCT902,C146HAA03
CUT,CNCCT900,C162IAA02
CUT,CNCCT100,C156HAX02
CUT,CNCCT900,B133UAX01
CUT,CNCCT900,B160QAN07
CUT,CNCCT902,C156HAX02
CUT,CNCCT100,C156UAX01
CUT,CNCCT904,C031VAN02
CUT,CNCCT910,C170UAX01
CUT,CNCCT901,B120UAN01
CUT,CNCCT90A,C162IAA02
CUT,CNCCT900,Y140UAN03
CUT,CNCCT900,C146UAA01
CUT,CNCCT900,C088KAC01
CUT,CNCCT902,C215ZAA02
CUT,CNCCT904,C215ZAA02
CUT,CNCCT901,C123HAX04
CUT,CNCCT300,C103HAX01
CUT,CNCCT900,H580GAX01
CUT,CNCCT900,B133HAN05
CUT,CNCCT906,B160UAN01
CUT,CNCCT904,B160UAN01
CUT,CNCCT500,B160UAN01
CUT,CNCCT906,B133QAA01
CUT,CNCCT600,B160QAN02
CUT,CNCCT906,B140UAN02
CUT,CNCCT905,B160QAN02
CUT,CNCCT901,C103HAX01
CUT,CNCCT900,C129HAX03
CUT,CNCCT905,B140HAN06
CUT,CNCCT902,H581DAX01
CUT,CNCCT903,C206RAA01
CUT,CNCCT900,C206RAA01
CUT,CNCCT907,B160UAN01
CUT,CNCCT906,B160UAN06
CUT,CNCCT900,B180ZAN01
CUT,CNCCT906,B156HAN12
CUT,CNCCT900,H642DAX01
CUT,CNCCT801,C304RAA01
CUT,CNCCT700,C116HAX03
CUT,CNCCT905,B180QAN01
CUT,CNCCT903,C130HAA01
CUT,CNCCT903,B140UAN02
CUT,CNCCT903,H642GAX01
CUT,CNCCT600,C156HAA01
CUT,CNCCT906,B180QAN01
CUT,CNCCT902,B180QAN01
CUT,CNCCT900,C046EAN02
CUT,CNCCT900,G062HAT01
CUT,CNCCT904,C110DAC01
CUT,CNCCT909,B160QAN02
CUT,CNCCT801,C123HAN10
CUT,CNCCT904,H642GAX01
CUT,CNCCT801,C116HAX02
CUT,CNCCT908,C132IAA01
CUT,CNCCT400,C101HAX01
CUT,CNCCT900,H538VAA01
CUT,CNCCT901,C132IAA01
CUT,CNCCT801,C099HAN01
CUT,CNCCT910,B160UAN01
CUT,CNCCT904,B180ZAN01
CUT,CNCCT909,B160UAN01
CUT,CNCCT910,C262RAX01
CUT,CNCCT903,C146HAA01
CUT,CNCCT801,M320MAN01
CUT,CNCCT902,C146HAX02
CUT,CNCCT90A,B156HAN09
CUT,CNCCT900,G055HAT02
CUT,CNCCT900,C170UAX01
CUT,CNCCT901,C262RAX01
CUT,CNCCT900,C080HAA01
CUT,CNCCT901,C146HAA02
CUT,CNCCT900,C146HAA02
CUT,CNCCT904,C146HAX02
CUT,CNCCT300,B160UAN01
CUT,CNCCT901,C156HAA01
CUT,CNCCT905,B140HAN09
CUT,CNCCT90A,C146HAX02
CUT,CNCCT200,B160QAN02
CUT,CNCCT100,C129HAX01
CUT,CNCCT700,C169RAA01
CUT,CNCCT90A,C116HAX02
CUT,CNCCT900,B140UAX01
CUT,CNCCT906,B140ZAN02
CUT,CNCCT200,B160QAN05
CUT,CNCCT910,B160QAN03
CUT,CNCCT900,C041EAN01
CUT,CNCCT900,C155UAA01
CUT,CNCCT905,B140QAN04
CUT,CNCCT100,B133UAN02
CUT,CNCCT902,C130HAA01
CUT,CNCCT400,B160UAN10
CUT,CNCCT909,C262RAX01
CUT,CNCCT801,C236RAC04
CUT,CNCCT910,C156UAX01
CUT,CNCCT600,C146HAA02
CUT,CNCCT90A,B140UAX01
CUT,CNCCT904,C168DAT01
CUT,CNCCT901,C206RAA01
CUT,CNCCT90A,C215ZAA01
CUT,CNCCT908,C160WAA01
CUT,CNCCT903,C168DAT01
CUT,CNCCT801,C132IAA02
CUT,CNCCT90A,B133UAN02
CUT,CNCCT801,C093HAN01
CUT,CNCCT100,C163RAA01
CUT,CNCCT900,C129HAX02
CUT,CNCCT902,B160UAX01
CUT,CNCCT90A,B140QAN08
CUT,CNCCT903,C040EAN01
CUT,CNCCT904,B140QAN08
CUT,CNCCT900,C162IAA01
CUT,CNCCT90A,C132IAA02
CUT,CNCCT909,B160QAN05
CUT,CNCCT801,B153UAX01
CUT,CNCCT904,Z156UAX01
CUT,CNCCT90A,C188RAA01
CUT,CNCCT905,B160QAN03
CUT,CNCCT900,C145QAA01
CUT,CNCCT900,C123HAT03
CUT,CNCCT600,C304RAT01
CUT,CNCCT910,C123HAN10
CUT,CNCCT903,C162IAX01
CUT,CNCCT901,C162IAX01
CUT,CNCCT909,C123HAX04
CUT,CNCCT900,C116HAX03
CUT,CNCCT908,C120UAA01
CUT,CNCCT901,C101HAX01
CUT,CNCCT900,C109HAX02
CUT,CNCCT910,C123HAX04
CUT,CNCCT900,H445DAN01
CUT,CNCCT907,B160QAN02
CUT,CNCCT901,B160QAN03
CUT,CNCCT90A,B170QAN01
CUT,CNCCT903,B180ZAN01
CUT,CNCCT90A,B160UAN06
CUT,CNCCT902,C162IAX01
CUT,CNCCT801,C179QAA02
CUT,CNCCT801,C169RAA01
CUT,CNCCT900,C156HAX02
CUT,CNCCT700,C156HAX02
CUT,CNCCT600,C123HAT03
CUT,CNCCT906,B140QAN08
CUT,CNCCT904,B173HAN05
CUT,CNCCT801,C179QAA01
CUT,CNCCT904,B133UAN02
CUT,CNCCT100,B156HAN09
CUT,CNCCT901,B160UAN01
CUT,CNCCT906,B160QAN02
CUT,CNCCT904,B140UAN02
CUT,CNCCT500,C103HAX01
CUT,CNCCT500,C146HAX01
CUT,CNCCT910,C162IAX01
CUT,CNCCT903,B133QAN03
CUT,CNCCT801,C103HAN04
CUT,CNCCT905,B133QAN03
CUT,CNCCT904,C109HAX02
CUT,CNCCT904,B140QAN04
CUT,CNCCT900,B160QAN05
CUT,CNCCT902,B180ZAN01
CUT,CNCCT801,C146HAX01
CUT,CNCCT910,C132IAA01
CUT,CNCCT902,C132IAA01
CUT,CNCCT801,C134HAA01
CUT,CNCCT901,H400DAN02
CUT,CNCCT90A,C132IAA01
CUT,CNCCT910,B140HAN06
CUT,CNCCT801,C122UAA01
CUT,CNCCT902,B160ZAN01
CUT,CNCCT901,B180QAN01
CUT,CNCCT904,C132IAA02
CUT,CNCCT200,B160QAN04
CUT,CNCCT900,B160QANAA
CUT,CNCCT906,B140HAN09
CUT,CNCCT100,B160QAN04
CUT,CNCCT904,B140UAN01
CUT,CNCCT903,B140UAX01
CUT,CNCCT903,C116HAX03
CUT,CNCCT900,C054VAA01
CUT,CNCCT90A,B180ZAN01
CUT,CNCCT801,B180ZAN01
CUT,CNCCT902,C156UAX01
CUT,CNCCT908,C129HAX03
CUT,CNCCT909,C146HAX02
CUT,CNCCT904,C145QAA01
CUT,CNCCT200,C156UAX01
CUT,CNCCT900,C215ZAA01
CUT,CNCCT801,B160QAN04
CUT,CNCCT908,C156HAX02
CUT,CNCCT904,B160UAN06
CUT,CNCCT801,C120UAA01
CUT,CNCCT100,B160UAN01
CUT,CNCCT90A,C206RAA01
CUT,CNCCT909,C156HAA01
CUT,CNCCT908,C129HAX01
CUT,CNCCT801,C146HAA02
CUT,CNCCT904,C271RAA01
CUT,CNCCT801,C168DAT01
CUT,CNCCT903,B160UAN01
CUT,CNCCT801,C215ZAA01
CUT,CNCCT909,C156HAX02
CUT,CNCCT901,C156UAX01
CUT,CNCCT903,C103HAN04
CUT,CNCCT905,B140UAX01
CUT,CNCCT90A,C112DAA01
CUT,CNCCT903,C080HAA01
CUT,CNCCT901,C146HAA03
CUT,CNCCT900,A079HAA01
CUT,CNCCT910,C163RAA01
CUT,CNCCT90A,C130HAA01
CUT,CNCCT900,B160UAX01
CUT,CNCCT901,C129HAX01
CUT,CNCCT903,B140QAN10
CUT,CNCCT801,C162IAA01
CUT,CNCCT700,C169RAA02
CUT,CNCCT900,C123HAX04
CUT,CNCCT900,H500DAN02
CUT,CNCCT900,C132IAA01
CUT,CNCCT900,C130UAU01
CUT,CNCCT900,B180QAN02
CUT,CNCCT900,B160UAN06
CUT,CNCCT700,C123HAX04
CUT,CNCCT400,B160UAN01
CUT,CNCCT906,B133UAN02
CUT,CNCCT400,C123HAN10
CUT,CNCCT903,C146HAX01
CUT,CNCCT700,B160QAN02
CUT,CNCCT908,B160QAN02
CUT,CNCCT903,H642DAX01
CUT,CNCCT900,H581DAX01
CUT,CNCCT600,C215RAX01
CUT,CNCCT905,B160UAN01
CUT,CNCCT905,B156HAN12
CUT,CNCCT90A,B160QAN03
CUT,CNCCT904,C103HAX01
CUT,CNCCT600,C123HAX04
CUT,CNCCT904,C116HAX02
CUT,CNCCT600,C179QAA02
CUT,CNCCT902,C116HAX02
CUT,CNCCT901,C103HAN04
CUT,CNCCT901,B173HAN05
CUT,CNCCT903,H606TAX01
CUT,CNCCT902,H580GAX01
CUT,CNCCT801,B140QAN03
CUT,CNCCT90A,C146HAX01
CUT,CNCCT801,C270RAX01
CUT,CNCCT801,C169RAA02
CUT,CNCCT906,B156ZAN03
CUT,CNCCT900,C163RAA01
CUT,CNCCT700,C179QAA01
CUT,CNCCT600,C169RAA02
CUT,CNCCT904,B133QAN03
CUT,CNCCT700,C103HAN04
CUT,CNCCT100,C146HAX01
CUT,CNCCT90A,C110DAC01
CUT,CNCCT905,B170QAN01
CUT,CNCCT904,H580GAX01
CUT,CNCCT500,C103HAN04
CUT,CNCCT500,B160QAN02
CUT,CNCCT100,C123HAX04
CUT,CNCCT400,C103HAX01
CUT,CNCCT903,B133UAN06
CUT,CNCCT904,H400DAN02
CUT,CNCCT100,C123HAN10
CUT,CNCCT901,C146HAA01
CUT,CNCCT902,B160QAN05
CUT,CNCCT902,C130UAU01
CUT,CNCCT700,C215RAX01
CUT,CNCCT908,C156HAA01
CUT,CNCCT900,Z467RAT01
CUT,CNCCT801,B160UAN01
CUT,CNCCT908,B160ZAN01
CUT,CNCCT903,C146HAA02
CUT,CNCCT903,B160QAN03
CUT,CNCCT902,C271RAA01
CUT,CNCCT905,B140UAN05
CUT,CNCCT903,C116HAX02
CUT,CNCCT400,C130UAU01
CUT,CNCCT903,B133UAN02
CUT,CNCCT904,C170UAX01
CUT,CNCCT100,B160ZAN01
CUT,CNCCT900,B140ZAN02
CUT,CNCCT900,C040EAN01
CUT,CNCCT903,B180QAN01
CUT,CNCCT200,C123HAN10
CUT,CNCCT903,C132IAA02
CUT,CNCCT200,B160ZAN01
CUT,CNCCT903,C271RAA01
CUT,CNCCT904,C156UAX01
CUT,CNCCT909,C116HAX03
CUT,CNCCT901,C271RAA01
CUT,CNCCT904,Y140UAN03
CUT,CNCCT801,Y160QAN03
CUT,CNCCT90A,B133QAA01
CUT,CNCCT906,B140UAX01
CUT,CNCCT901,C150DAA01
CUT,CNCCT801,C146HAX02
CUT,CNCCT903,C146HAA03
CUT,CNCCT801,Z156UAX01
CUT,CNCCT906,B140UAA01
CUT,CNCCT905,Y140UAN03
CUT,CNCCT801,C146HAA03
CUT,CNCCT905,B160QAN04
CUT,CNCCT903,B133UAX01
CUT,CNCCT903,Z156UAX01
CUT,CNCCT90A,C116HAX03
CUT,CNCCT903,C123HAN10
CUT,CNCCT900,C103HAX01
CUT,CNCCT900,H642GAX01
CUT,CNCCT900,C123HAN10
CUT,CNCCT900,B180QAN01
CUT,CNCCT700,C304RAT01
CUT,CNCCT903,C109HAX02
CUT,CNCCT908,C162IAX01
CUT,CNCCT801,B140QAN08
CUT,CNCCT909,C146HAX01
CUT,CNCCT900,B160UAN01
CUT,CNCCT902,B140QAN02
CUT,CNCCT910,B160QAN02
CUT,CNCCT902,C129HAX03
CUT,CNCCT900,Y160QAN03
CUT,CNCCT902,H642DAX01
CUT,CNCCT90A,C215RAX01
CUT,CNCCT902,H445DAN01
CUT,CNCCT902,C101HAX01
CUT,CNCCT900,B160QAN04
CUT,CNCCT901,C116HAX03
CUT,CNCCT903,C120HAT01
CUT,CNCCT700,C156HAA01
CUT,CNCCT600,C123HAN10
CUT,CNCCT900,H606TAX01
CUT,CNCCT900,B140QAX01
CUT,CNCCT908,C123HAN10
CUT,CNCCT901,B140QAN03
CUT,CNCCT900,C270RAX01
CUT,CNCCT900,C129HAX01
CUT,CNCCT801,B133UAN02
CUT,CNCCT902,B160UAN10
CUT,CNCCT900,B156HAN09
CUT,CNCCT905,B180ZAN01
CUT,CNCCT900,C156HAA01
CUT,CNCCT900,C160WAA01
CUT,CNCCT801,C162IAX01
CUT,CNCCT902,B140UAN01
CUT,CNCCT910,C156HAA01
CUT,CNCCT600,C262RAX01
CUT,CNCCT903,Y160QAN03
CUT,CNCCT906,B140QAN04
CUT,CNCCT300,B160QAN03
CUT,CNCCT100,C304RAT01
CUT,CNCCT901,B140QAN04
CUT,CNCCT903,C123HAX04
CUT,CNCCT904,B160QAN03
CUT,CNCCT904,C215RAX01
CUT,CNCCT900,B173ZAN06
CUT,CNCCT600,Z467RAT01
CUT,CNCCT903,C262RAX01
CUT,CNCCT906,B140QAX01
CUT,CNCCT903,C129HAX01
CUT,CNCCT910,C146HAX01
CUT,CNCCT600,C169RAA01
CUT,CNCCT90A,B160QAN02
CUT,CNCCT90A,H606TAX01
CUT,CNCCT904,C162IAX01
CUT,CNCCT100,B160QAN03
CUT,CNCCT903,C146HAX02
CUT,CNCCT801,C170UAX01
CUT,CNCCT90A,C129HAX01
CUT,CNCCT910,B160QAN04
CUT,CNCCT909,C132IAA01
CUT,CNCCT901,B160QAN02
CUT,CNCCT901,B170QAN01
CUT,CNCCT902,C206RAA01
CUT,CNCCT900,C271RAA01
CUT,CNCCT90A,B140HAN09
CUT,CNCCT904,C163RAA01
CUT,CNCCT902,C215RAX01
CUT,CNCCT902,B140QAX01
CUT,CNCCT801,B140UAN05
CUT,CNCCT100,C112DAA01
CUT,CNCCT903,C163RAA01
CUT,CNCCT903,C156HAA01
CUT,CNCCT300,B160QAN04
CUT,CNCCT905,B160QAN05
CUT,CNCCT200,C116HAX03
CUT,CNCCT908,B160UAN10
CUT,CNCCT901,B140UAN05
CUT,CNCCT901,C109HAX02
CUT,CNCCT100,C116HAX03
CUT,CNCCT200,C132IAA01
CUT,CNCCT900,C050HAN01
CUT,CNCCT90A,C170UAX01
CUT,CNCCT905,B180QAN02
CUT,CNCCT906,B180QAN02
CUT,CNCCT200,B153UAX01
CUT,CNCCT801,C156HAA01
CUT,CNCCT700,C160WAA01
CUT,CNCCT700,B140UAX01
CUT,CNCCT901,C156HAX02
CUT,CNCCT906,B140HAN06
CUT,CNCCT902,B133UAN02
CUT,CNCCT903,C215ZAA01
CUT,CNCCT200,C160WAA01
CUT,CNCCT902,C031VAN02
CUT,CNCCT90A,C146HAA02
CUT,CNCCT300,C156HAA01
CUT,CNCCT90A,B160UAA01
CUT,CNCCT901,B160UAX01
CUT,CNCCT900,Z156UAX01
CUT,CNCCT801,C088KAC01
CUT,CNCCT905,B160QAN07
CUT,CNCCT900,C215ZAA02
